-- Empty all related tables before inserting new data
TRUNCATE TABLE payment_application CASCADE;
TRUNCATE TABLE payment CASCADE;
TRUNCATE TABLE invoice_line CASCADE;
TRUNCATE TABLE invoice CASCADE;
TRUNCATE TABLE service CASCADE;
TRUNCATE TABLE lab_test_order CASCADE;
TRUNCATE TABLE lab_test_type CASCADE;
TRUNCATE TABLE medication CASCADE;
TRUNCATE TABLE prescription_line CASCADE;
TRUNCATE TABLE prescription CASCADE;
TRUNCATE TABLE clinical_exam CASCADE;
TRUNCATE TABLE patient_visit CASCADE;
TRUNCATE TABLE patient_appointment CASCADE;
TRUNCATE TABLE patient_measurements CASCADE;
TRUNCATE TABLE patient_medical_history CASCADE;
TRUNCATE TABLE patient_medical CASCADE;
TRUNCATE TABLE patient CASCADE;
TRUNCATE TABLE doctor CASCADE;
TRUNCATE TABLE organisation CASCADE;
TRUNCATE TABLE "UserInternal" CASCADE;
TRUNCATE TABLE "VerificationToken" CASCADE;
TRUNCATE TABLE "Session" CASCADE;
TRUNCATE TABLE "Account" CASCADE;
TRUNCATE TABLE "User" CASCADE;

-- Reset all sequence IDs to 1 for tables with auto-incrementing IDs
ALTER SEQUENCE IF EXISTS patient_id_seq RESTART WITH 1;
ALTER SEQUENCE IF EXISTS patient_measurements_id_seq RESTART WITH 1;
ALTER SEQUENCE IF EXISTS patient_medical_id_seq RESTART WITH 1;
ALTER SEQUENCE IF EXISTS patient_medical_history_id_seq RESTART WITH 1;
ALTER SEQUENCE IF EXISTS doctor_id_seq RESTART WITH 1;
ALTER SEQUENCE IF EXISTS organisation_id_seq RESTART WITH 1;
ALTER SEQUENCE IF EXISTS patient_appointment_id_seq RESTART WITH 1;
ALTER SEQUENCE IF EXISTS patient_visit_id_seq RESTART WITH 1;
ALTER SEQUENCE IF EXISTS clinical_exam_id_seq RESTART WITH 1;
ALTER SEQUENCE IF EXISTS prescription_id_seq RESTART WITH 1;
ALTER SEQUENCE IF EXISTS prescription_line_id_seq RESTART WITH 1;
ALTER SEQUENCE IF EXISTS medication_id_seq RESTART WITH 1;
ALTER SEQUENCE IF EXISTS lab_test_type_id_seq RESTART WITH 1;
ALTER SEQUENCE IF EXISTS lab_test_order_id_seq RESTART WITH 1;
ALTER SEQUENCE IF EXISTS service_id_seq RESTART WITH 1;
ALTER SEQUENCE IF EXISTS invoice_id_seq RESTART WITH 1;
ALTER SEQUENCE IF EXISTS invoice_line_id_seq RESTART WITH 1;
ALTER SEQUENCE IF EXISTS payment_id_seq RESTART WITH 1;
ALTER SEQUENCE IF EXISTS payment_application_id_seq RESTART WITH 1;

BEGIN;

-- Insert organisation data
INSERT INTO organisation (id, name, address, phone_number, email, status, created_at, updated_at, working_days, work_start_time, work_end_time, break_start_time, break_end_time)
VALUES (1, 'Organisation Dr.Samia', '123 Main St', '+1234567890', 'contact@drsamia.org', 'enabled', NOW(), NOW(), ARRAY['Monday','Tuesday','Wednesday','Thursday','Friday','Saturday'], '08:30', '18:00', '12:00', '13:30');

-- Insert doctor data
INSERT INTO doctor (id, organisation_id, name, specialty, phone_number, email, status, created_at, updated_at) VALUES
  (1, 1, 'Dr. Sami Youssef', 'Cardiology', '+1234567001', 'sami.youssef@drsamia.org', 'enabled', NOW(), NOW()),
  (2, 1, 'Dr. Laila Hassan', 'Pediatrics', '+1234567002', 'laila.hassan@drsamia.org', 'enabled', NOW(), NOW()),
  (3, 1, 'Dr. Emad Kamal', 'General Medicine', '+1234567003', 'emad.kamal@drsamia.org', 'enabled', NOW(), NOW()),
  (4, 1, 'Dr. Mona Abdullah', 'Dermatology', '+1234567004', 'mona.abdullah@drsamia.org', 'enabled', NOW(), NOW());

-- Insert patient data
INSERT INTO patient (id, organisation_id, name, birthdate, gender, doctor_id, status, avatar, address, city, phone_number, email, emergency_contact_name, emergency_contact_phone, emergency_contact_email, created_at, updated_at)
VALUES
  (1, 1, 'Ahmad Ali', '1985-03-12', 'male', 1, 'enabled', NULL, '12 Victory St', 'Riyadh', '0501234567', 'ahmad.ali1@email.com', 'Khaled Ali', '0507654321', 'khaled.ali@email.com', NOW(), NOW()),
  (2, 1, 'Fatima Zahra', '1990-07-25', 'female', 2, 'disabled', NULL, '8 Queen St', 'Jeddah', '0552345678', 'fatima.zahra@email.com', 'Sara Zahra', '0558765432', 'sara.zahra@email.com', NOW(), NOW()),
  (3, 1, 'Mohamed Said', '1978-11-02', 'male', 3, 'blocked', NULL, '22 Freedom St', 'Mecca', '0533456789', 'mohamed.said@email.com', 'Said Mohamed', '0539876543', 'said.mohamed@email.com', NOW(), NOW()),
  (4, 1, 'Salma Hassan', '1982-05-18', 'female', 4, 'pending', NULL, '5 Flowers St', 'Dammam', '0544567890', 'salma.hassan@email.com', 'Hassan Ali', '0540987654', 'hassan.ali@email.com', NOW(), NOW()),
  (5, 1, 'Youssef Ibrahim', '1995-09-30', 'male', 1, 'enabled', NULL, '10 Noor St', 'Riyadh', '0505678901', 'youssef.ibrahim@email.com', 'Ibrahim Youssef', '0501987654', 'ibrahim.youssef@email.com', NOW(), NOW()),
  (6, 1, 'Mariam Khaled', '1988-12-14', 'female', 2, 'disabled', NULL, '3 Spring St', 'Jeddah', '0556789012', 'mariam.khaled@email.com', 'Khaled Mariam', '0552987654', 'khaled.mariam@email.com', NOW(), NOW()),
  (7, 1, 'Ali Hussein', '1975-01-22', 'male', 3, 'blocked', NULL, '7 Dawn St', 'Mecca', '0537890123', 'ali.hussein@email.com', 'Hussein Ali', '0533987654', 'hussein.ali@email.com', NOW(), NOW()),
  (8, 1, 'Huda Abdullah', '1983-04-09', 'female', 4, 'pending', NULL, '15 Hope St', 'Dammam', '0548901234', 'huda.abdullah@email.com', 'Abdullah Huda', '0544987654', 'abdullah.huda@email.com', NOW(), NOW()),
  (9, 1, 'Saeed Mahmoud', '1992-08-27', 'male', 1, 'enabled', NULL, '18 Sunrise St', 'Riyadh', '0509012345', 'saeed.mahmoud@email.com', 'Mahmoud Saeed', '0505987654', 'mahmoud.saeed@email.com', NOW(), NOW()),
  (10, 1, 'Leila Omar', '1986-02-16', 'female', 2, 'disabled', NULL, '2 Breeze St', 'Jeddah', '0550123456', 'leila.omar@email.com', 'Omar Leila', '0556987654', 'omar.leila@email.com', NOW(), NOW()),
  (11, 1, 'Omar Nasser', '1981-06-10', 'male', 1, 'blocked', NULL, '11 Palm St', 'Riyadh', '0501122334', 'omar.nasser@email.com', 'Nasser Omar', '0504433221', 'nasser.omar@email.com', NOW(), NOW()),
  (12, 1, 'Amina Fathi', '1993-09-19', 'female', 2, 'pending', NULL, '19 Lotus St', 'Jeddah', '0552233445', 'amina.fathi@email.com', 'Fathi Amina', '0555544332', 'fathi.amina@email.com', NOW(), NOW()),
  (13, 1, 'Hassan Tarek', '1987-12-23', 'male', 3, 'enabled', NULL, '23 Olive St', 'Mecca', '0533344556', 'hassan.tarek@email.com', 'Tarek Hassan', '0536655443', 'tarek.hassan@email.com', NOW(), NOW()),
  (14, 1, 'Rania Adel', '1991-03-05', 'female', 4, 'disabled', NULL, '5 Jasmine St', 'Dammam', '0544455667', 'rania.adel@email.com', 'Adel Rania', '0547766554', 'adel.rania@email.com', NOW(), NOW()),
  (15, 1, 'Khaled Samir', '1984-08-29', 'male', 1, 'blocked', NULL, '29 Cedar St', 'Riyadh', '0505566778', 'khaled.samir@email.com', 'Samir Khaled', '0508877665', 'samir.khaled@email.com', NOW(), NOW()),
  (16, 1, 'Nour Hani', '1996-11-11', 'female', 2, 'pending', NULL, '11 Sunflower St', 'Jeddah', '0556677889', 'nour.hani@email.com', 'Hani Nour', '0559988776', 'hani.nour@email.com', NOW(), NOW()),
  (17, 1, 'Tariq Fadel', '1979-02-14', 'male', 3, 'enabled', NULL, '14 Maple St', 'Mecca', '0537788990', 'tariq.fadel@email.com', 'Fadel Tariq', '0530099887', 'fadel.tariq@email.com', NOW(), NOW()),
  (18, 1, 'Dina Samir', '1985-05-21', 'female', 4, 'disabled', NULL, '21 Pine St', 'Dammam', '0548899001', 'dina.samir@email.com', 'Samir Dina', '0541100998', 'samir.dina@email.com', NOW(), NOW()),
  (19, 1, 'Majed Adel', '1994-10-13', 'male', 1, 'blocked', NULL, '13 Oak St', 'Riyadh', '0509900112', 'majed.adel@email.com', 'Adel Majed', '0502211009', 'adel.majed@email.com', NOW(), NOW()),
  (20, 1, 'Yasmin Fathi', '1989-01-27', 'female', 2, 'pending', NULL, '27 Rose St', 'Jeddah', '0551011122', 'yasmin.fathi@email.com', 'Fathi Yasmin', '0553322110', 'fathi.yasmin@email.com', NOW(), NOW()),
  (21, 1, 'Samir Nabil', '1982-04-15', 'male', 3, 'enabled', NULL, '15 Tulip St', 'Mecca', '0532122233', 'samir.nabil@email.com', 'Nabil Samir', '0534343212', 'nabil.samir@email.com', NOW(), NOW()),
  (22, 1, 'Hiba Khalil', '1997-07-08', 'female', 4, 'disabled', NULL, '8 Daisy St', 'Dammam', '0543233344', 'hiba.khalil@email.com', 'Khalil Hiba', '0545454323', 'khalil.hiba@email.com', NOW(), NOW()),
  (23, 1, 'Fadi Zaki', '1980-10-19', 'male', 1, 'blocked', NULL, '19 Lily St', 'Riyadh', '0504344455', 'fadi.zaki@email.com', 'Zaki Fadi', '0506565434', 'zaki.fadi@email.com', NOW(), NOW()),
  (24, 1, 'Lina Nasser', '1992-02-03', 'female', 2, 'pending', NULL, '3 Orchid St', 'Jeddah', '0555454567', 'lina.nasser@email.com', 'Nasser Lina', '0557676545', 'nasser.lina@email.com', NOW(), NOW()),
  (25, 1, 'Adel Fathi', '1986-06-17', 'male', 3, 'enabled', NULL, '17 Ivy St', 'Mecca', '0536565678', 'adel.fathi@email.com', 'Fathi Adel', '0538787656', 'fathi.adel@email.com', NOW(), NOW()),
  (26, 1, 'Sara Tarek', '1991-09-29', 'female', 4, 'disabled', NULL, '29 Fern St', 'Dammam', '0547676789', 'sara.tarek@email.com', 'Tarek Sara', '0549898767', 'tarek.sara@email.com', NOW(), NOW()),
  (27, 1, 'Nabil Hossam', '1983-12-12', 'male', 1, 'blocked', NULL, '12 Elm St', 'Riyadh', '0508787890', 'nabil.hossam@email.com', 'Hossam Nabil', '0500909878', 'hossam.nabil@email.com', NOW(), NOW()),
  (28, 1, 'Mona Fadel', '1995-03-24', 'female', 2, 'pending', NULL, '24 Willow St', 'Jeddah', '0559898901', 'mona.fadel@email.com', 'Fadel Mona', '0551010989', 'fadel.mona@email.com', NOW(), NOW()),
  (29, 1, 'Hossam Adel', '1977-08-06', 'male', 3, 'enabled', NULL, '6 Cypress St', 'Mecca', '0531011123', 'hossam.adel@email.com', 'Adel Hossam', '0533232101', 'adel.hossam@email.com', NOW(), NOW()),
  (30, 1, 'Rana Sami', '1984-11-18', 'female', 4, 'disabled', NULL, '18 Magnolia St', 'Dammam', '0542122234', 'rana.sami@email.com', 'Sami Rana', '0544343212', 'sami.rana@email.com', NOW(), NOW()),
  (31, 1, 'Fathi Khaled', '1993-02-01', 'male', 1, 'blocked', NULL, '1 Garden St', 'Riyadh', '0505454567', 'fathi.khaled@email.com', 'Khaled Fathi', '0507676545', 'khaled.fathi@email.com', NOW(), NOW()),
  (32, 1, 'Nisreen Omar', '1987-05-13', 'female', 2, 'pending', NULL, '13 River St', 'Jeddah', '0556565678', 'nisreen.omar@email.com', 'Omar Nisreen', '0558787656', 'omar.nisreen@email.com', NOW(), NOW()),
  (33, 1, 'Tamer Samir', '1981-08-25', 'male', 3, 'enabled', NULL, '25 Lake St', 'Mecca', '0537676789', 'tamer.samir@email.com', 'Samir Tamer', '0539898767', 'samir.tamer@email.com', NOW(), NOW()),
  (34, 1, 'Hana Zaki', '1996-12-07', 'female', 4, 'disabled', NULL, '7 Bay St', 'Dammam', '0548787890', 'hana.zaki@email.com', 'Zaki Hana', '0540909878', 'zaki.hana@email.com', NOW(), NOW()),
  (35, 1, 'Zaki Hassan', '1980-03-19', 'male', 1, 'blocked', NULL, '19 Hill St', 'Riyadh', '0509898901', 'zaki.hassan@email.com', 'Hassan Zaki', '0501010989', 'hassan.zaki@email.com', NOW(), NOW()),
  (36, 1, 'Laila Fathi', '1992-06-30', 'female', 2, 'pending', NULL, '30 Cliff St', 'Jeddah', '0551011123', 'laila.fathi@email.com', 'Fathi Laila', '0553232101', 'fathi.laila@email.com', NOW(), NOW()),
  (37, 1, 'Fadel Nabil', '1985-09-11', 'male', 3, 'enabled', NULL, '11 Field St', 'Mecca', '0532122234', 'fadel.nabil@email.com', 'Nabil Fadel', '0534343212', 'nabil.fadel@email.com', NOW(), NOW()),
  (38, 1, 'Samah Khalil', '1997-12-23', 'female', 4, 'disabled', NULL, '23 Forest St', 'Dammam', '0543233344', 'samah.khalil@email.com', 'Khalil Samah', '0545454323', 'khalil.samah@email.com', NOW(), NOW()),
  (39, 1, 'Kamal Fathi', '1982-03-05', 'male', 1, 'blocked', NULL, '5 Meadow St', 'Riyadh', '0504344455', 'kamal.fathi@email.com', 'Fathi Kamal', '0506565434', 'fathi.kamal@email.com', NOW(), NOW()),
  (40, 1, 'Nadia Adel', '1994-07-17', 'female', 2, 'pending', NULL, '17 Valley St', 'Jeddah', '0555454567', 'nadia.adel@email.com', 'Adel Nadia', '0557676545', 'adel.nadia@email.com', NOW(), NOW()),
  (41, 1, 'Adnan Tarek', '1986-10-29', 'male', 3, 'enabled', NULL, '29 Ridge St', 'Mecca', '0536565678', 'adnan.tarek@email.com', 'Tarek Adnan', '0538787656', 'tarek.adnan@email.com', NOW(), NOW()),
  (42, 1, 'Rasha Sami', '1991-01-12', 'female', 4, 'disabled', NULL, '12 Grove St', 'Dammam', '0547676789', 'rasha.sami@email.com', 'Sami Rasha', '0549898767', 'sami.rasha@email.com', NOW(), NOW()),
  (43, 1, 'Nasser Hossam', '1983-04-24', 'male', 1, 'blocked', NULL, '24 Park St', 'Riyadh', '0508787890', 'nasser.hossam@email.com', 'Hossam Nasser', '0500909878', 'hossam.nasser@email.com', NOW(), NOW()),
  (44, 1, 'Iman Fadel', '1995-08-06', 'female', 2, 'pending', NULL, '6 Plaza St', 'Jeddah', '0559898901', 'iman.fadel@email.com', 'Fadel Iman', '0551010989', 'fadel.iman@email.com', NOW(), NOW()),
  (45, 1, 'Sara Abdulrahman', '1991-10-11', 'female', 4, 'enabled', NULL, '45 Unity St', 'Dammam', '0543456789', 'sara.abdulrahman@email.com', 'Abdulrahman Sara', '0549987654', 'abdulrahman.sara@email.com', NOW(), NOW());

-- Insert patient_measurements data
INSERT INTO patient_measurements (patient_id, organisation_id, measured_at, weight_kg, height_cm, temperature_c, blood_pressure_systolic, blood_pressure_diastolic)
VALUES
  (1, 1, NOW(), 75.2, 175.0, 36.7, 120, 80),
  (2, 1, NOW(), 62.5, 162.0, 36.5, 110, 70),
  (3, 1, NOW(), 80.0, 180.0, 36.8, 125, 85),
  (4, 1, NOW(), 58.0, 160.0, 36.6, 115, 75),
  (5, 1, NOW(), 70.0, 172.0, 36.7, 118, 78),
  (6, 1, NOW(), 65.0, 165.0, 36.5, 112, 72),
  (7, 1, NOW(), 85.0, 182.0, 36.9, 130, 88),
  (8, 1, NOW(), 60.0, 158.0, 36.4, 108, 68),
  (9, 1, NOW(), 77.0, 177.0, 36.7, 122, 82),
  (10, 1, NOW(), 63.0, 163.0, 36.5, 111, 71),
  (11, 1, NOW(), 70.0, 170.0, 36.6, 115, 75),
  (12, 1, NOW(), 58.0, 158.0, 36.4, 105, 65),
  (13, 1, NOW(), 75.0, 175.0, 36.7, 120, 80),
  (14, 1, NOW(), 60.0, 160.0, 36.5, 110, 70),
  (15, 1, NOW(), 72.0, 172.0, 36.8, 118, 78),
  (16, 1, NOW(), 63.0, 163.0, 36.6, 108, 68),
  (17, 1, NOW(), 80.0, 180.0, 36.9, 125, 85),
  (18, 1, NOW(), 58.0, 158.0, 36.4, 105, 65),
  (19, 1, NOW(), 70.0, 170.0, 36.6, 115, 75),
  (20, 1, NOW(), 58.0, 158.0, 36.4, 105, 65),
  (21, 1, NOW(), 75.0, 175.0, 36.7, 120, 80),
  (22, 1, NOW(), 60.0, 160.0, 36.5, 110, 70),
  (23, 1, NOW(), 72.0, 172.0, 36.8, 118, 78),
  (24, 1, NOW(), 63.0, 163.0, 36.6, 108, 68),
  (25, 1, NOW(), 80.0, 180.0, 36.9, 125, 85),
  (26, 1, NOW(), 58.0, 158.0, 36.4, 105, 65),
  (27, 1, NOW(), 70.0, 170.0, 36.6, 115, 75),
  (28, 1, NOW(), 58.0, 158.0, 36.4, 105, 65),
  (29, 1, NOW(), 75.0, 175.0, 36.7, 120, 80),
  (30, 1, NOW(), 60.0, 160.0, 36.5, 110, 70),
  (31, 1, NOW(), 72.0, 172.0, 36.8, 118, 78),
  (32, 1, NOW(), 63.0, 163.0, 36.6, 108, 68),
  (33, 1, NOW(), 80.0, 180.0, 36.9, 125, 85),
  (34, 1, NOW(), 58.0, 158.0, 36.4, 105, 65),
  (35, 1, NOW(), 70.0, 170.0, 36.6, 115, 75),
  (36, 1, NOW(), 58.0, 158.0, 36.4, 105, 65),
  (37, 1, NOW(), 75.0, 175.0, 36.7, 120, 80),
  (38, 1, NOW(), 60.0, 160.0, 36.5, 110, 70),
  (39, 1, NOW(), 72.0, 172.0, 36.8, 118, 78),
  (40, 1, NOW(), 63.0, 163.0, 36.6, 108, 68),
  (41, 1, NOW(), 80.0, 180.0, 36.9, 125, 85),
  (42, 1, NOW(), 58.0, 158.0, 36.4, 105, 65),
  (43, 1, NOW(), 70.0, 170.0, 36.6, 115, 75),
  (44, 1, NOW(), 58.0, 158.0, 36.4, 105, 65),
  (45, 1, NOW(), 68.0, 168.0, 36.6, 117, 77);

-- Insert patient_medical data
INSERT INTO patient_medical (patient_id, organisation_id, created_at, updated_at)
VALUES
  (1, 1, NOW(), NOW()),
  (2, 1, NOW(), NOW()),
  (3, 1, NOW(), NOW()),
  (4, 1, NOW(), NOW()),
  (5, 1, NOW(), NOW()),
  (6, 1, NOW(), NOW()),
  (7, 1, NOW(), NOW()),
  (8, 1, NOW(), NOW()),
  (9, 1, NOW(), NOW()),
  (10, 1, NOW(), NOW()),
  (11, 1, NOW(), NOW()),
  (12, 1, NOW(), NOW()),
  (13, 1, NOW(), NOW()),
  (14, 1, NOW(), NOW()),
  (15, 1, NOW(), NOW()),
  (16, 1, NOW(), NOW()),
  (17, 1, NOW(), NOW()),
  (18, 1, NOW(), NOW()),
  (19, 1, NOW(), NOW()),
  (20, 1, NOW(), NOW()),
  (21, 1, NOW(), NOW()),
  (22, 1, NOW(), NOW()),
  (23, 1, NOW(), NOW()),
  (24, 1, NOW(), NOW()),
  (25, 1, NOW(), NOW()),
  (26, 1, NOW(), NOW()),
  (27, 1, NOW(), NOW()),
  (28, 1, NOW(), NOW()),
  (29, 1, NOW(), NOW()),
  (30, 1, NOW(), NOW()),
  (31, 1, NOW(), NOW()),
  (32, 1, NOW(), NOW()),
  (33, 1, NOW(), NOW()),
  (34, 1, NOW(), NOW()),
  (35, 1, NOW(), NOW()),
  (36, 1, NOW(), NOW()),
  (37, 1, NOW(), NOW()),
  (38, 1, NOW(), NOW()),
  (39, 1, NOW(), NOW()),
  (40, 1, NOW(), NOW()),
  (41, 1, NOW(), NOW()),
  (42, 1, NOW(), NOW()),
  (43, 1, NOW(), NOW()),
  (44, 1, NOW(), NOW()),
  (45, 1, NOW(), NOW());

-- Insert patient_medical_history data
INSERT INTO patient_medical_history (patient_id, organisation_id, history_type, description, date_occurred, created_at)
VALUES
  (1, 1, 'Allergie', 'Souffre d''allergies saisonnières.', '2010-04-15', NOW()),
  (2, 1, 'Chirurgie', 'A subi une appendicectomie.', '2015-06-20', NOW()),
  (3, 1, 'Diabète', 'Diagnostiqué avec le diabète de type 2.', '2018-09-10', NOW()),
  (4, 1, 'Hypertension', 'Souffre d''hypertension artérielle.', '2012-11-05', NOW()),
  (5, 1, 'Asthme', 'Souffre d''asthme depuis l''enfance.', '2000-03-22', NOW()),
  (6, 1, 'Allergie', 'Allergique à la poussière.', '2011-07-18', NOW()),
  (7, 1, 'Chirurgie', 'A subi une chirurgie du genou.', '2016-10-30', NOW()),
  (8, 1, 'Diabète', 'Diagnostiquée avec le diabète.', '2019-01-25', NOW()),
  (9, 1, 'Hypertension', 'Souffre d''hypertension.', '2013-08-14', NOW()),
  (10, 1, 'Asthme', 'Souffre d''asthme.', '2002-05-09', NOW()),
  (11, 1, 'Allergie', 'Allergique au pollen.', '2014-03-12', NOW()),
  (12, 1, 'Chirurgie', 'A subi une opération du dos.', '2017-08-21', NOW()),
  (13, 1, 'Diabète', 'Diabète de type 1.', '2011-12-05', NOW()),
  (14, 1, 'Hypertension', 'Pression artérielle élevée.', '2013-06-17', NOW()),
  (15, 1, 'Asthme', 'Asthme léger.', '2005-09-23', NOW()),
  (16, 1, 'Allergie', 'Allergique aux chats.', '2012-11-30', NOW()),
  (17, 1, 'Chirurgie', 'A subi une chirurgie cardiaque.', '2018-04-19', NOW()),
  (18, 1, 'Diabète', 'Diabète gestationnel.', '2016-07-14', NOW()),
  (19, 1, 'Hypertension', 'Hypertension chronique.', '2010-10-28', NOW()),
  (20, 1, 'Asthme', 'Asthme sévère.', '2003-01-15', NOW()),
  (21, 1, 'Allergie', 'Allergique aux fruits de mer.', '2015-05-11', NOW()),
  (22, 1, 'Chirurgie', 'A subi une chirurgie oculaire.', '2019-09-27', NOW()),
  (23, 1, 'Diabète', 'Diabète contrôlé.', '2012-02-08', NOW()),
  (24, 1, 'Hypertension', 'Hypertension légère.', '2014-12-19', NOW()),
  (25, 1, 'Asthme', 'Asthme d''effort.', '2007-04-03', NOW()),
  (26, 1, 'Allergie', 'Allergique aux noix.', '2013-07-22', NOW()),
  (27, 1, 'Chirurgie', 'A subi une chirurgie dentaire.', '2017-11-16', NOW()),
  (28, 1, 'Diabète', 'Diabète non insulino-dépendant.', '2011-03-29', NOW()),
  (29, 1, 'Hypertension', 'Hypertension modérée.', '2015-08-25', NOW()),
  (30, 1, 'Asthme', 'Asthme allergique.', '2004-02-10', NOW()),
  (31, 1, 'Allergie', 'Allergique au gluten.', '2016-06-06', NOW()),
  (32, 1, 'Chirurgie', 'A subi une chirurgie de la hanche.', '2018-10-13', NOW()),
  (33, 1, 'Diabète', 'Diabète de type 2.', '2013-01-20', NOW()),
  (34, 1, 'Hypertension', 'Hypertension sévère.', '2011-05-28', NOW()),
  (35, 1, 'Asthme', 'Asthme chronique.', '2006-09-14', NOW()),
  (36, 1, 'Allergie', 'Allergique au lait.', '2012-12-02', NOW()),
  (37, 1, 'Chirurgie', 'A subi une chirurgie du poignet.', '2019-03-18', NOW()),
  (38, 1, 'Diabète', 'Diabète insulino-dépendant.', '2014-07-09', NOW()),
  (39, 1, 'Hypertension', 'Hypertension artérielle.', '2010-11-22', NOW()),
  (40, 1, 'Asthme', 'Asthme intermittent.', '2008-03-31', NOW()),
  (41, 1, 'Allergie', 'Allergique aux œufs.', '2013-08-07', NOW()),
  (42, 1, 'Chirurgie', 'A subi une chirurgie du pied.', '2017-12-24', NOW()),
  (43, 1, 'Diabète', 'Diabète mal contrôlé.', '2012-04-16', NOW()),
  (44, 1, 'Hypertension', 'Hypertension familiale.', '2015-09-30', NOW()),
  (45, 1, 'Allergie', 'Allergique aux arachides.', '2017-12-01', NOW());

-- Insert patient_appointment data
INSERT INTO patient_appointment (organisation_id, patient_id, doctor_id, appointment_date, appointment_type, status, notes, created_at, updated_at) VALUES
  (1, 1, 1, '2024-05-01 09:00:00', 'consultation', 'completed', 'Routine checkup.', NOW(), NOW()),
  (1, 1, 2, '2024-05-15 09:30:00', 'medical_check', 'completed', 'Follow-up visit.', NOW(), NOW()),
  (1, 1, 3, '2024-05-29 10:00:00', 'medical_check', 'cancelled', 'Patient cancelled.', NOW(), NOW()),
  (1, 1, 4, '2024-06-20 09:00:00', 'clinical_procedure', 'scheduled', 'Skin check.', NOW(), NOW()),
  (1, 1, 1, '2024-07-05 09:00:00', 'consultation', 'scheduled', 'Heart review.', NOW(), NOW()),
  (1, 1, 2, '2024-07-19 09:30:00', 'consultation', 'scheduled', 'General consultation.', NOW(), NOW()),
  (1, 2, 2, '2024-05-02 09:30:00', 'medical_check', 'completed', 'Routine pediatric check.', NOW(), NOW()),
  (1, 2, 3, '2024-05-16 10:00:00', 'medical_check', 'completed', 'General health review.', NOW(), NOW()),
  (1, 2, 4, '2024-05-30 10:30:00', 'clinical_procedure', 'cancelled', 'No show.', NOW(), NOW()),
  (1, 2, 1, '2024-06-21 09:30:00', 'consultation', 'scheduled', 'Cardio follow-up.', NOW(), NOW()),
  (1, 2, 2, '2024-07-06 09:30:00', 'medical_check', 'scheduled', 'Vaccination.', NOW(), NOW()),
  (1, 2, 3, '2024-07-20 10:00:00', 'medical_check', 'scheduled', 'Annual check.', NOW(), NOW()),
  (1, 3, 3, '2024-05-03 10:00:00', 'medical_check', 'completed', 'Blood test.', NOW(), NOW()),
  (1, 3, 4, '2024-05-17 10:30:00', 'clinical_procedure', 'completed', 'Skin allergy.', NOW(), NOW()),
  (1, 3, 1, '2024-05-31 11:00:00', 'consultation', 'cancelled', 'Rescheduled.', NOW(), NOW()),
  (1, 3, 2, '2024-06-22 10:00:00', 'medical_check', 'scheduled', 'Growth check.', NOW(), NOW()),
  (1, 3, 3, '2024-07-07 10:30:00', 'medical_check', 'scheduled', 'Lab results.', NOW(), NOW()),
  (1, 3, 4, '2024-07-21 11:00:00', 'clinical_procedure', 'scheduled', 'Skin follow-up.', NOW(), NOW()),
  (1, 4, 4, '2024-05-04 10:30:00', 'clinical_procedure', 'completed', 'Mole removal.', NOW(), NOW()),
  (1, 4, 1, '2024-05-18 11:00:00', 'consultation', 'completed', 'ECG.', NOW(), NOW()),
  (1, 4, 2, '2024-06-01 12:00:00', 'medical_check', 'cancelled', 'Family emergency.', NOW(), NOW()),
  (1, 4, 3, '2024-06-23 10:30:00', 'medical_check', 'scheduled', 'Blood pressure check.', NOW(), NOW()),
  (1, 4, 4, '2024-07-08 11:00:00', 'clinical_procedure', 'scheduled', 'Acne treatment.', NOW(), NOW()),
  (1, 4, 1, '2024-07-22 11:30:00', 'consultation', 'scheduled', 'Heart review.', NOW(), NOW()),
  (1, 5, 1, '2024-05-05 11:00:00', 'consultation', 'completed', 'Heart murmur review.', NOW(), NOW()),
  (1, 5, 2, '2024-05-19 11:30:00', 'medical_check', 'completed', 'Childhood illness.', NOW(), NOW()),
  (1, 5, 3, '2024-06-02 12:00:00', 'medical_check', 'cancelled', 'Patient sick.', NOW(), NOW()),
  (1, 5, 4, '2024-06-24 11:00:00', 'clinical_procedure', 'scheduled', 'Eczema check.', NOW(), NOW()),
  (1, 5, 1, '2024-07-09 11:30:00', 'consultation', 'scheduled', 'Routine ECG.', NOW(), NOW()),
  (1, 5, 2, '2024-07-23 12:00:00', 'medical_check', 'scheduled', 'Growth follow-up.', NOW(), NOW());

-- Insert medication data
INSERT INTO medication (name, category, organisation_id, dosages) VALUES
  ('Paracétamol', 'Antalgique', NULL, ARRAY['500 mg', '1 g']),
  ('Ibuprofène', 'Anti-inflammatoire', NULL, ARRAY['200 mg', '400 mg', '600 mg']),
  ('Amoxicilline', 'Antibiotique', NULL, ARRAY['500 mg', '1 g']),
  ('Doliprane', 'Antalgique', NULL, ARRAY['500 mg', '1 g']),
  ('Efferalgan', 'Antalgique', NULL, ARRAY['500 mg', '1 g']),
  ('Spasfon', 'Antispasmodique', NULL, ARRAY['80 mg']),
  ('Lévothyrox', 'Hormone thyroïdienne', NULL, ARRAY['25 µg', '50 µg', '75 µg', '100 µg']),
  ('Aspirine', 'Antalgique', NULL, ARRAY['500 mg', '1 g']),
  ('Ventoline', 'Bronchodilatateur', NULL, ARRAY['100 µg/dose']),
  ('Augmentin', 'Antibiotique', NULL, ARRAY['500 mg/62.5 mg', '875 mg/125 mg']),
  ('Fervex', 'Antalgique', NULL, ARRAY['500 mg']),
  ('Nurofen', 'Antalgique', NULL, ARRAY['200 mg', '400 mg']),
  ('Crestor', 'Hypolipémiant', NULL, ARRAY['5 mg', '10 mg', '20 mg']),
  ('Zyrtec', 'Antihistaminique', NULL, ARRAY['10 mg']),
  ('Toplexil', 'Antitussif', NULL, ARRAY['0.33 mg/ml']),
  ('Forlax', 'Laxatif', NULL, ARRAY['10 g']),
  ('Imodium', 'Antidiarrhéique', NULL, ARRAY['2 mg']),
  ('Dafalgan', 'Antalgique', NULL, ARRAY['500 mg', '1 g']),
  ('Meteospasmyl', 'Antispasmodique', NULL, ARRAY['60 mg/300 mg']),
  ('Gaviscon', 'Antiacide', NULL, ARRAY['500 mg/267 mg']),
  ('Lansoprazole', 'IPP', NULL, ARRAY['15 mg', '30 mg']),
  ('Omeprazole', 'IPP', NULL, ARRAY['10 mg', '20 mg']),
  ('Inexium', 'IPP', NULL, ARRAY['20 mg', '40 mg']),
  ('Aerius', 'Antihistaminique', NULL, ARRAY['5 mg']),
  ('Kardegic', 'Antiagrégant', NULL, ARRAY['75 mg', '160 mg']),
  ('Plavix', 'Antiagrégant', NULL, ARRAY['75 mg']),
  ('Eliquis', 'Anticoagulant', NULL, ARRAY['2.5 mg', '5 mg']),
  ('Xarelto', 'Anticoagulant', NULL, ARRAY['10 mg', '20 mg']),
  ('Lovenox', 'Anticoagulant', NULL, ARRAY['4000 UI', '6000 UI']),
  ('Fraxiparine', 'Anticoagulant', NULL, ARRAY['2850 UI', '3800 UI']),
  ('Amlor', 'Antihypertenseur', NULL, ARRAY['5 mg', '10 mg']),
  ('Ramipril', 'Antihypertenseur', NULL, ARRAY['2.5 mg', '5 mg', '10 mg']),
  ('Bisoprolol', 'Bêtabloquant', NULL, ARRAY['1.25 mg', '2.5 mg', '5 mg', '10 mg']),
  ('Lasilix', 'Diurétique', NULL, ARRAY['20 mg', '40 mg']),
  ('Metformine', 'Antidiabétique', NULL, ARRAY['500 mg', '850 mg', '1 g']),
  ('Januvia', 'Antidiabétique', NULL, ARRAY['100 mg']),
  ('Lantus', 'Insuline', NULL, ARRAY['100 UI/ml']),
  ('NovoRapid', 'Insuline', NULL, ARRAY['100 UI/ml']),
  ('Humalog', 'Insuline', NULL, ARRAY['100 UI/ml']),
  ('Levothyroxine', 'Hormone thyroïdienne', NULL, ARRAY['25 µg', '50 µg', '75 µg', '100 µg']),
  ('Seretide', 'Bronchodilatateur', NULL, ARRAY['25 µg/250 µg']),
  ('Symbicort', 'Bronchodilatateur', NULL, ARRAY['80 µg/4.5 µg', '160 µg/4.5 µg']),
  ('Singulair', 'Antiasthmatique', NULL, ARRAY['10 mg']),
  ('Zolpidem', 'Hypnotique', NULL, ARRAY['10 mg']),
  ('Alprazolam', 'Anxiolytique', NULL, ARRAY['0.25 mg', '0.5 mg', '1 mg']),
  ('Sertraline', 'Antidépresseur', NULL, ARRAY['50 mg', '100 mg']),
  ('Escitalopram', 'Antidépresseur', NULL, ARRAY['10 mg', '20 mg']),
  ('Mirtazapine', 'Antidépresseur', NULL, ARRAY['15 mg', '30 mg']),
  ('Atorvastatine', 'Hypolipémiant', NULL, ARRAY['10 mg', '20 mg', '40 mg']),
  ('Simvastatine', 'Hypolipémiant', NULL, ARRAY['10 mg', '20 mg', '40 mg']),
  ('Pravastatine', 'Hypolipémiant', NULL, ARRAY['10 mg', '20 mg', '40 mg']),
  ('Rosuvastatine', 'Hypolipémiant', NULL, ARRAY['5 mg', '10 mg', '20 mg']),
  ('Clopidogrel', 'Antiagrégant', NULL, ARRAY['75 mg']),
  ('Amlodipine', 'Antihypertenseur', NULL, ARRAY['5 mg', '10 mg']),
  ('Perindopril', 'Antihypertenseur', NULL, ARRAY['2 mg', '4 mg', '8 mg']),
  ('Candesartan', 'Antihypertenseur', NULL, ARRAY['4 mg', '8 mg', '16 mg']),
  ('Losartan', 'Antihypertenseur', NULL, ARRAY['50 mg', '100 mg']),
  ('Valsartan', 'Antihypertenseur', NULL, ARRAY['80 mg', '160 mg']),
  ('Enalapril', 'Antihypertenseur', NULL, ARRAY['5 mg', '20 mg']),
  ('Furosemide', 'Diurétique', NULL, ARRAY['20 mg', '40 mg']),
  ('Hydrochlorothiazide', 'Diurétique', NULL, ARRAY['12.5 mg', '25 mg']),
  ('Insuline glargine', 'Insuline', NULL, ARRAY['100 UI/ml']),
  ('Insuline lispro', 'Insuline', NULL, ARRAY['100 UI/ml']),
  ('Insuline aspart', 'Insuline', NULL, ARRAY['100 UI/ml']),
  ('Gliclazide', 'Antidiabétique', NULL, ARRAY['30 mg', '60 mg']),
  ('Glimepiride', 'Antidiabétique', NULL, ARRAY['1 mg', '2 mg', '3 mg', '4 mg']),
  ('Sitagliptine', 'Antidiabétique', NULL, ARRAY['25 mg', '50 mg', '100 mg']),
  ('Vildagliptine', 'Antidiabétique', NULL, ARRAY['50 mg']),
  ('Pioglitazone', 'Antidiabétique', NULL, ARRAY['15 mg', '30 mg', '45 mg']),
  ('Dapagliflozine', 'Antidiabétique', NULL, ARRAY['5 mg', '10 mg']),
  ('Empagliflozine', 'Antidiabétique', NULL, ARRAY['10 mg', '25 mg']),
  ('Liraglutide', 'Antidiabétique', NULL, ARRAY['6 mg/ml']),
  ('Exenatide', 'Antidiabétique', NULL, ARRAY['5 µg', '10 µg']),
  ('Canagliflozine', 'Antidiabétique', NULL, ARRAY['100 mg', '300 mg']),
  ('Linagliptine', 'Antidiabétique', NULL, ARRAY['5 mg']),
  ('Repaglinide', 'Antidiabétique', NULL, ARRAY['0.5 mg', '1 mg', '2 mg']),
  ('Glipizide', 'Antidiabétique', NULL, ARRAY['5 mg', '10 mg']),
  ('Tolbutamide', 'Antidiabétique', NULL, ARRAY['500 mg']),
  ('Chlorpropamide', 'Antidiabétique', NULL, ARRAY['100 mg', '250 mg']),
  ('Metoprolol', 'Bêtabloquant', NULL, ARRAY['50 mg', '100 mg']),
  ('Atenolol', 'Bêtabloquant', NULL, ARRAY['25 mg', '50 mg', '100 mg']),
  ('Propranolol', 'Bêtabloquant', NULL, ARRAY['40 mg', '80 mg']),
  ('Carvedilol', 'Bêtabloquant', NULL, ARRAY['6.25 mg', '12.5 mg', '25 mg']),
  ('Nebivolol', 'Bêtabloquant', NULL, ARRAY['5 mg']),
  ('Labetalol', 'Bêtabloquant', NULL, ARRAY['100 mg', '200 mg']),
  ('Diltiazem', 'Antihypertenseur', NULL, ARRAY['60 mg', '90 mg', '120 mg']),
  ('Verapamil', 'Antihypertenseur', NULL, ARRAY['40 mg', '80 mg', '120 mg']),
  ('Nifedipine', 'Antihypertenseur', NULL, ARRAY['10 mg', '20 mg']),
  ('Felodipine', 'Antihypertenseur', NULL, ARRAY['2.5 mg', '5 mg', '10 mg']),
  ('Isradipine', 'Antihypertenseur', NULL, ARRAY['2.5 mg', '5 mg']),
  ('Nicardipine', 'Antihypertenseur', NULL, ARRAY['20 mg', '30 mg']),
  ('Lercanidipine', 'Antihypertenseur', NULL, ARRAY['10 mg', '20 mg']),
  ('Clonidine', 'Antihypertenseur', NULL, ARRAY['0.15 mg']),
  ('Methyldopa', 'Antihypertenseur', NULL, ARRAY['250 mg']),
  ('Prazosin', 'Antihypertenseur', NULL, ARRAY['1 mg', '2 mg', '5 mg']),
  ('Doxazosin', 'Antihypertenseur', NULL, ARRAY['2 mg', '4 mg', '8 mg']),
  ('Terazosin', 'Antihypertenseur', NULL, ARRAY['1 mg', '2 mg', '5 mg']),
  ('Tamsulosine', 'Urologique', NULL, ARRAY['0.4 mg']),
  ('Finasteride', 'Urologique', NULL, ARRAY['5 mg']),
  ('Dutasteride', 'Urologique', NULL, ARRAY['0.5 mg']),
  ('Alfuzosine', 'Urologique', NULL, ARRAY['2.5 mg', '10 mg']),
  ('Silodosine', 'Urologique', NULL, ARRAY['4 mg', '8 mg']);

-- Insert lab_test_type data
INSERT INTO lab_test_type (name, category, default_unit, default_reference_range, created_at, updated_at)
VALUES
  ('Numération globulaire complète (NFS)', 'Hématologie', NULL, NULL, NOW(), NOW()),
  ('Hémoglobine (Hb)', 'Hématologie', 'g/dL', '13.5-17.5 (H), 12.0-15.5 (F)', NOW(), NOW()),
  ('Hématocrite (Ht)', 'Hématologie', '%', '40-52 (H), 36-48 (F)', NOW(), NOW()),
  ('Plaquettes', 'Hématologie', '10^3/μL', '150-450', NOW(), NOW()),
  ('Leucocytes (GB)', 'Hématologie', '10^3/μL', '4.5-11.0', NOW(), NOW()),
  ('Neutrophiles', 'Hématologie', '%', '40-75', NOW(), NOW()),
  ('Lymphocytes', 'Hématologie', '%', '20-50', NOW(), NOW()),
  ('Monocytes', 'Hématologie', '%', '2-10', NOW(), NOW()),
  ('Éosinophiles', 'Hématologie', '%', '0-6', NOW(), NOW()),
  ('Basophiles', 'Hématologie', '%', '0-2', NOW(), NOW()),
  ('VS (Vitesse de Sédimentation)', 'Hématologie', 'mm/h', '<15 (H), <20 (F)', NOW(), NOW()),
  ('Frottis sanguin', 'Hématologie', NULL, NULL, NOW(), NOW()),
  ('Réticulocytes', 'Hématologie', '%', '0.5-1.5', NOW(), NOW()),
  ('Glycémie à jeun', 'Biochimie', 'mg/dL', '70-99', NOW(), NOW()),
  ('Glycémie post-prandiale', 'Biochimie', 'mg/dL', '<140', NOW(), NOW()),
  ('HbA1c', 'Biochimie', '%', '4.0-6.0', NOW(), NOW()),
  ('Créatinine', 'Biochimie', 'mg/dL', '0.7-1.3 (H), 0.6-1.1 (F)', NOW(), NOW()),
  ('Urée', 'Biochimie', 'mg/dL', '10-50', NOW(), NOW()),
  ('Acide urique', 'Biochimie', 'mg/dL', '3.4-7.0 (H), 2.4-6.0 (F)', NOW(), NOW()),
  ('Bilirubine totale', 'Biochimie', 'mg/dL', '0.2-1.2', NOW(), NOW()),
  ('Bilirubine directe', 'Biochimie', 'mg/dL', '0.0-0.3', NOW(), NOW()),
  ('Bilirubine indirecte', 'Biochimie', 'mg/dL', '0.2-0.8', NOW(), NOW()),
  ('Transaminases (ASAT)', 'Biochimie', 'UI/L', '<40', NOW(), NOW()),
  ('Transaminases (ALAT)', 'Biochimie', 'UI/L', '<41 (H), <31 (F)', NOW(), NOW()),
  ('Gamma-GT', 'Biochimie', 'UI/L', '8-61 (H), 5-36 (F)', NOW(), NOW()),
  ('Phosphatases alcalines', 'Biochimie', 'UI/L', '40-130 (Adulte)', NOW(), NOW()),
  ('Amylase', 'Biochimie', 'UI/L', '30-110', NOW(), NOW()),
  ('Lipase', 'Biochimie', 'UI/L', '13-60', NOW(), NOW()),
  ('LDH', 'Biochimie', 'UI/L', '140-280', NOW(), NOW()),
  ('CPK', 'Biochimie', 'UI/L', '38-174 (H), 26-140 (F)', NOW(), NOW()),
  ('Troponine', 'Biochimie', 'ng/mL', '<0.04', NOW(), NOW()),
  ('Sodium (Na)', 'Biochimie', 'mEq/L', '135-145', NOW(), NOW()),
  ('Potassium (K)', 'Biochimie', 'mEq/L', '3.5-5.0', NOW(), NOW()),
  ('Chlore (Cl)', 'Biochimie', 'mEq/L', '98-106', NOW(), NOW()),
  ('Calcium (Ca)', 'Biochimie', 'mg/dL', '8.5-10.2', NOW(), NOW()),
  ('Phosphore (P)', 'Biochimie', 'mg/dL', '2.5-4.5', NOW(), NOW()),
  ('Magnésium (Mg)', 'Biochimie', 'mg/dL', '1.7-2.2', NOW(), NOW()),
  ('Fer sérique', 'Biochimie', 'μg/dL', '50-170 (H), 40-160 (F)', NOW(), NOW()),
  ('Ferritine', 'Biochimie', 'ng/mL', '20-300 (H), 20-200 (F)', NOW(), NOW()),
  ('Transferrine', 'Biochimie', 'mg/dL', '200-360', NOW(), NOW()),
  ('Capacité totale de fixation du fer (CTFH)', 'Biochimie', 'μg/dL', '250-450', NOW(), NOW()),
  ('Coefficient de saturation de la transferrine', 'Biochimie', '%', '20-50', NOW(), NOW()),
  ('Protéines totales', 'Biochimie', 'g/dL', '6.0-8.3', NOW(), NOW()),
  ('Albumine', 'Biochimie', 'g/dL', '3.5-5.0', NOW(), NOW()),
  ('Globulines', 'Biochimie', 'g/dL', '2.0-3.5', NOW(), NOW()),
  ('Rapport A/G', 'Biochimie', NULL, '1.0-2.2', NOW(), NOW()),
  ('Cholestérol total', 'Biochimie', 'mg/dL', '<200', NOW(), NOW()),
  ('HDL cholestérol', 'Biochimie', 'mg/dL', '>40 (H), >50 (F)', NOW(), NOW()),
  ('LDL cholestérol', 'Biochimie', 'mg/dL', '<130', NOW(), NOW()),
  ('Triglycérides', 'Biochimie', 'mg/dL', '<150', NOW(), NOW()),
  ('CRP (Protéine C Réactive)', 'Biochimie', 'mg/L', '<10', NOW(), NOW()),
  ('CRP ultrasensible', 'Biochimie', 'mg/L', '<3', NOW(), NOW()),
  ('TSH', 'Hormones', 'μIU/mL', '0.4-4.0', NOW(), NOW()),
  ('T4 libre', 'Hormones', 'ng/dL', '0.8-1.8', NOW(), NOW()),
  ('T3 libre', 'Hormones', 'pg/mL', '2.3-4.2', NOW(), NOW()),
  ('Testostérone totale', 'Hormones', 'ng/dL', '300-1000 (H), 15-70 (F)', NOW(), NOW()),
  ('Testostérone libre', 'Hormones', 'pg/mL', '50-210 (H)', NOW(), NOW()),
  ('Estradiol', 'Hormones', 'pg/mL', '10-50 (H), Varie selon cycle (F)', NOW(), NOW()),
  ('Progestérone', 'Hormones', 'ng/mL', 'Varie selon cycle', NOW(), NOW()),
  ('FSH', 'Hormones', 'mUI/mL', '1.5-12.4 (H), Varie selon cycle (F)', NOW(), NOW()),
  ('LH', 'Hormones', 'mUI/mL', '1.7-8.6 (H), Varie selon cycle (F)', NOW(), NOW()),
  ('Prolactine', 'Hormones', 'ng/mL', '2-18 (H), 2-25 (F)', NOW(), NOW()),
  ('Cortisol (8h)', 'Hormones', 'μg/dL', '5-25', NOW(), NOW()),
  ('ACTH', 'Hormones', 'pg/mL', '7.2-63', NOW(), NOW()),
  ('GH (Hormone de croissance)', 'Hormones', 'ng/mL', '<5', NOW(), NOW()),
  ('IGF-1', 'Hormones', 'ng/mL', 'Varie selon âge', NOW(), NOW()),
  ('Parathormone (PTH)', 'Hormones', 'pg/mL', '15-65', NOW(), NOW()),
  ('Calcitonine', 'Hormones', 'pg/mL', '<8.5 (H), <5.1 (F)', NOW(), NOW()),
  ('Aldostérone', 'Hormones', 'ng/dL', '2-9 (debout), 1-5 (couché)', NOW(), NOW()),
  ('Rénine', 'Hormones', 'ng/mL/h', '0.5-4.0 (debout)', NOW(), NOW()),
  ('DHEA-S', 'Hormones', 'μg/dL', 'Varie selon âge et sexe', NOW(), NOW()),
  ('Androstènedione', 'Hormones', 'ng/dL', 'Varie selon sexe', NOW(), NOW()),
  ('PSA total', 'Marqueurs tumoraux', 'ng/mL', '<4.0', NOW(), NOW()),
  ('PSA libre', 'Marqueurs tumoraux', 'ng/mL', NULL, NOW(), NOW()),
  ('Rapport PSA libre/total', 'Marqueurs tumoraux', '%', '>25', NOW(), NOW()),
  ('CA 125', 'Marqueurs tumoraux', 'U/mL', '<35', NOW(), NOW()),
  ('CA 15-3', 'Marqueurs tumoraux', 'U/mL', '<31', NOW(), NOW()),
  ('CA 19-9', 'Marqueurs tumoraux', 'U/mL', '<37', NOW(), NOW()),
  ('ACE (Antigène Carcino-Embryonnaire)', 'Marqueurs tumoraux', 'ng/mL', '<5 (non-fumeur), <10 (fumeur)', NOW(), NOW()),
  ('AFP (Alpha-FoetoProtéine)', 'Marqueurs tumoraux', 'ng/mL', '<10', NOW(), NOW()),
  ('HCG (Bêta-HCG)', 'Marqueurs tumoraux', 'mUI/mL', '<5 (H), <5 (F non enceinte)', NOW(), NOW()),
  ('NSE (Enolase Neuro-Spécifique)', 'Marqueurs tumoraux', 'ng/mL', '<16.3', NOW(), NOW()),
  ('CYFRA 21-1', 'Marqueurs tumoraux', 'ng/mL', '<3.3', NOW(), NOW()),
  ('S100', 'Marqueurs tumoraux', 'μg/L', '<0.12', NOW(), NOW()),
  ('Chromogranine A', 'Marqueurs tumoraux', 'μg/L', '<100', NOW(), NOW()),
  ('Sérologie VIH', 'Infectiologie', NULL, 'Négatif', NOW(), NOW()),
  ('Ag HBs (Hépatite B)', 'Infectiologie', NULL, 'Négatif', NOW(), NOW()),
  ('Ac anti-HBc', 'Infectiologie', NULL, NULL, NOW(), NOW()),
  ('Ac anti-HBs', 'Infectiologie', NULL, NULL, NOW(), NOW()),
  ('Ac anti-VHC (Hépatite C)', 'Infectiologie', NULL, 'Négatif', NOW(), NOW()),
  ('VDRL/RPR (Syphilis)', 'Infectiologie', NULL, 'Négatif', NOW(), NOW()),
  ('TPHA (Syphilis)', 'Infectiologie', NULL, 'Négatif', NOW(), NOW()),
  ('Ac anti-Chlamydia', 'Infectiologie', NULL, NULL, NOW(), NOW()),
  ('Ac anti-Mycoplasma', 'Infectiologie', NULL, NULL, NOW(), NOW()),
  ('Ac anti-Toxoplasma (IgG et IgM)', 'Infectiologie', NULL, NULL, NOW(), NOW()),
  ('Ac anti-Rubéole (IgG et IgM)', 'Infectiologie', NULL, NULL, NOW(), NOW()),
  ('Ac anti-CMV (IgG et IgM)', 'Infectiologie', NULL, NULL, NOW(), NOW()),
  ('Ac anti-EBV (EBNA, VCA)', 'Infectiologie', NULL, NULL, NOW(), NOW()),
  ('Ac anti-Herpès (HSV1 et HSV2)', 'Infectiologie', NULL, NULL, NOW(), NOW()),
  ('Ac anti-Varicelle-Zona (VZV)', 'Infectiologie', NULL, NULL, NOW(), NOW()),
  ('Ac anti-Parvovirus B19', 'Infectiologie', NULL, NULL, NOW(), NOW()),
  ('Hélicobacter pylori (sérologie)', 'Infectiologie', NULL, NULL, NOW(), NOW()),
  ('Test respiratoire à l''urée (Hélicobacter)', 'Infectiologie', NULL, NULL, NOW(), NOW()),
  ('Antistreptolysines O (ASLO)', 'Infectiologie', 'UI/mL', '<200', NOW(), NOW()),
  ('Procalcitonine', 'Infectiologie', 'ng/mL', '<0.5', NOW(), NOW()),
  ('Analyse d''urine complète', 'Urine', NULL, NULL, NOW(), NOW()),
  ('ECBU (Examen Cyto-Bactériologique des Urines)', 'Urine', NULL, NULL, NOW(), NOW()),
  ('Protéinurie des 24h', 'Urine', 'mg/24h', '<150', NOW(), NOW()),
  ('Microalbuminurie', 'Urine', 'mg/24h', '<30', NOW(), NOW()),
  ('Rapport albumine/créatinine urinaire', 'Urine', 'mg/g', '<30', NOW(), NOW()),
  ('Créatininurie', 'Urine', 'mg/24h', 'Varie selon masse musculaire', NOW(), NOW()),
  ('Clairance de la créatinine', 'Urine', 'mL/min', '90-140 (H), 80-125 (F)', NOW(), NOW()),
  ('Glycosurie', 'Urine', NULL, 'Négatif', NOW(), NOW()),
  ('Corps cétoniques urinaires', 'Urine', NULL, 'Négatif', NOW(), NOW()),
  ('Uricurie', 'Urine', 'mg/24h', '250-750', NOW(), NOW()),
  ('Calciurie', 'Urine', 'mg/24h', '100-300', NOW(), NOW()),
  ('Phosphaturie', 'Urine', 'mg/24h', '400-1300', NOW(), NOW()),
  ('Oxalurie', 'Urine', 'mg/24h', '<45', NOW(), NOW()),
  ('Cystinurie', 'Urine', 'mg/24h', '<30', NOW(), NOW()),
  ('Sodium urinaire', 'Urine', 'mEq/24h', '40-220', NOW(), NOW()),
  ('Potassium urinaire', 'Urine', 'mEq/24h', '25-125', NOW(), NOW()),
  ('Chlore urinaire', 'Urine', 'mEq/24h', '110-250', NOW(), NOW()),
  ('Osmolalité urinaire', 'Urine', 'mOsm/kg', '50-1200', NOW(), NOW()),
  ('Densité urinaire', 'Urine', NULL, '1.002-1.030', NOW(), NOW()),
  ('pH urinaire', 'Urine', NULL, '4.5-8.0', NOW(), NOW()),
  ('Temps de Prothrombine (TP)', 'Coagulation', 'sec', '11-13.5', NOW(), NOW()),
  ('INR', 'Coagulation', NULL, '0.8-1.2', NOW(), NOW()),
  ('Temps de Céphaline Activé (TCA)', 'Coagulation', 'sec', '25-35', NOW(), NOW()),
  ('Temps de Thrombine (TT)', 'Coagulation', 'sec', '14-19', NOW(), NOW()),
  ('Fibrinogène', 'Coagulation', 'g/L', '2.0-4.0', NOW(), NOW()),
  ('D-Dimères', 'Coagulation', 'ng/mL', '<500', NOW(), NOW()),
  ('Antithrombine III', 'Coagulation', '%', '80-120', NOW(), NOW()),
  ('Protéine C', 'Coagulation', '%', '70-140', NOW(), NOW()),
  ('Protéine S', 'Coagulation', '%', '60-150', NOW(), NOW()),
  ('Facteur II', 'Coagulation', '%', '70-120', NOW(), NOW()),
  ('Facteur V', 'Coagulation', '%', '70-120', NOW(), NOW()),
  ('Facteur VII', 'Coagulation', '%', '70-120', NOW(), NOW()),
  ('Facteur VIII', 'Coagulation', '%', '50-150', NOW(), NOW()),
  ('Facteur IX', 'Coagulation', '%', '70-120', NOW(), NOW()),
  ('Facteur X', 'Coagulation', '%', '70-120', NOW(), NOW()),
  ('Facteur XI', 'Coagulation', '%', '70-120', NOW(), NOW()),
  ('Facteur XII', 'Coagulation', '%', '70-120', NOW(), NOW()),
  ('Facteur XIII', 'Coagulation', '%', '70-120', NOW(), NOW()),
  ('Temps de saignement', 'Coagulation', 'min', '2-8', NOW(), NOW()),
  ('Temps de coagulation', 'Coagulation', 'min', '5-10', NOW(), NOW()),
  ('Facteur rhumatoïde', 'Immunologie', 'UI/mL', '<20', NOW(), NOW()),
  ('Anti-CCP', 'Immunologie', 'U/mL', '<20', NOW(), NOW()),
  ('ANCA (Anti-Cytoplasme des Neutrophiles)', 'Immunologie', NULL, 'Négatif', NOW(), NOW()),
  ('Anti-ADN natif', 'Immunologie', 'UI/mL', '<30', NOW(), NOW()),
  ('Anti-nucléaires (FAN)', 'Immunologie', NULL, 'Négatif (<1/80)', NOW(), NOW()),
  ('Anti-ENA (Extractable Nuclear Antigen)', 'Immunologie', NULL, 'Négatif', NOW(), NOW()),
  ('Anti-Sm', 'Immunologie', NULL, 'Négatif', NOW(), NOW()),
  ('Anti-RNP', 'Immunologie', NULL, 'Négatif', NOW(), NOW()),
  ('Anti-SSA (Ro)', 'Immunologie', NULL, 'Négatif', NOW(), NOW()),
  ('Anti-SSB (La)', 'Immunologie', NULL, 'Négatif', NOW(), NOW()),
  ('Anti-Scl70', 'Immunologie', NULL, 'Négatif', NOW(), NOW()),
  ('Anti-Jo1', 'Immunologie', NULL, 'Négatif', NOW(), NOW()),
  ('Anti-cardiolipines (IgG et IgM)', 'Immunologie', 'U/mL', '<20', NOW(), NOW()),
  ('Anti-bêta2 glycoprotéine I', 'Immunologie', 'U/mL', '<20', NOW(), NOW()),
  ('Lupus anticoagulant', 'Immunologie', NULL, 'Négatif', NOW(), NOW()),
  ('Complément C3', 'Immunologie', 'mg/dL', '90-180', NOW(), NOW()),
  ('Complément C4', 'Immunologie', 'mg/dL', '10-40', NOW(), NOW()),
  ('CH50', 'Immunologie', 'U/mL', '30-75', NOW(), NOW()),
  ('IgE totales', 'Immunologie', 'UI/mL', '<150', NOW(), NOW()),
  ('IgG', 'Immunologie', 'mg/dL', '700-1600', NOW(), NOW()),
  ('IgA', 'Immunologie', 'mg/dL', '70-400', NOW(), NOW()),
  ('IgM', 'Immunologie', 'mg/dL', '40-230', NOW(), NOW()),
  ('IgD', 'Immunologie', 'mg/dL', '<14', NOW(), NOW()),
  ('Phadiatop', 'Immunologie', NULL, 'Négatif', NOW(), NOW()),
  ('RAST (Allergènes spécifiques)', 'Immunologie', 'UI/mL', '<0.35', NOW(), NOW()),
  ('Caryotype', 'Génétique', NULL, NULL, NOW(), NOW()),
  ('PCR spécifique', 'Génétique', NULL, NULL, NOW(), NOW()),
  ('Séquençage génétique', 'Génétique', NULL, NULL, NOW(), NOW()),
  ('Test de paternité', 'Génétique', NULL, NULL, NOW(), NOW()),
  ('Dépistage toxicologique urinaire', 'Toxicologie', NULL, 'Négatif', NOW(), NOW()),
  ('Alcoolémie', 'Toxicologie', 'g/L', '<0.5', NOW(), NOW()),
  ('Dosage de médicaments', 'Toxicologie', NULL, NULL, NOW(), NOW()),
  ('Métaux lourds (Plomb, Mercure, etc.)', 'Toxicologie', NULL, NULL, NOW(), NOW());

-- Insert service data
INSERT INTO service (organisation_id, code, name, description, amount, is_active, created_at, updated_at)
VALUES
  (1, 'CONSULT', 'Consultation', 'Consultation médicale standard', 50.00, true, NOW(), NOW()),
  (1, 'CONTROL', 'Contrôle', 'Consultation de contrôle médical', 30.00, true, NOW(), NOW()),
  (1, 'COLOSCOPY', 'Coloscopie', 'Examen endoscopique du côlon', 350.00, true, NOW(), NOW()),
  (1, 'COLOSCOPY_ANES', 'Coloscopie avec anesthésie', 'Coloscopie sous anesthésie générale', 500.00, true, NOW(), NOW()),
  (1, 'GASTRO', 'Fibroscopie gastrique', 'Endoscopie digestive haute', 300.00, true, NOW(), NOW()),
  (1, 'GASTRO_ANES', 'Fibroscopie avec anesthésie', 'Fibroscopie sous anesthésie', 450.00, true, NOW(), NOW()),
  (1, 'BRONCHO', 'Bronchoscopie', 'Endoscopie des voies respiratoires', 400.00, true, NOW(), NOW()),
  (1, 'CPRE', 'CPRE (Cholangio-Pancréatographie Rétrograde Endoscopique)', 'Exploration des voies biliaires et pancréatiques', 600.00, true, NOW(), NOW()),
  (1, 'ECHO_ABDO', 'Échographie abdominale', 'Échographie des organes abdominaux', 120.00, true, NOW(), NOW()),
  (1, 'ECHO_PELV', 'Échographie pelvienne', 'Échographie du pelvis', 110.00, true, NOW(), NOW()),
  (1, 'ECHO_THYROID', 'Échographie thyroïdienne', 'Exploration échographique de la thyroïde', 100.00, true, NOW(), NOW()),
  (1, 'ECHO_MAMMO', 'Échographie mammaire', 'Échographie des seins (unitaire)', 90.00, true, NOW(), NOW()),
  (1, 'ECHO_DOPPLER', 'Écho-Doppler', 'Échographie vasculaire avec Doppler', 150.00, true, NOW(), NOW()),
  (1, 'ECHO_CARDIA', 'Échocardiographie', 'Échographie cardiaque', 180.00, true, NOW(), NOW()),
  (1, 'ECHO_PROSTATE', 'Échographie prostatique', 'Échographie de la prostate', 130.00, true, NOW(), NOW()),
  (1, 'RADIO_SIMPLE', 'Radiographie simple', 'Radiographie standard (1 cliché)', 70.00, true, NOW(), NOW()),
  (1, 'RADIO_PANO', 'Radiographie panoramique', 'Cliché panoramique (thorax, abdomen)', 100.00, true, NOW(), NOW()),
  (1, 'MAMMO', 'Mammographie', 'Mammographie unilatérale', 90.00, true, NOW(), NOW()),
  (1, 'DEXA', 'Ostéodensitométrie (DEXA)', 'Mesure de la densité osseuse', 150.00, true, NOW(), NOW()),
  (1, 'PONCTION_ECHO', 'Ponction échoguidée', 'Prélèvement sous guidage échographique', 200.00, true, NOW(), NOW()),
  (1, 'BIOPSIE_ECHO', 'Biopsie échoguidée', 'Biopsie sous contrôle échographique', 250.00, true, NOW(), NOW()),
  (1, 'DRAINAGE_ECHO', 'Drainage échoguidé', 'Drainage de collection sous échographie', 300.00, true, NOW(), NOW());

-- Insert UserInternal data
INSERT INTO "UserInternal" (name, email, "isApproved", "organisationId", "createdAt", "updatedAt") VALUES
  ('Mohammed Ben Said', 'bensaidmaroc@gmail.com', true, 1, NOW(), NOW());

-- After inserting all patients
SELECT setval('patient_id_seq', (SELECT MAX(id) FROM patient));
COMMIT;


